,
transaction_id,transaction
1,"Sharpie S-Gel Gel Pens, Hydro Flask 40oz , Eastsport Tech Backpack, Conquer Compact Standing Desk Height Adjustable, Logitech C270 HD WEBCAM HD 720p , HyperX Gaming Headset, Logitech G203 Prodigy Wired Gaming Mouse, Mid-Back Office Chair Ergonomic Desk Chair "
2,"Hydro Flask 40oz , HP Pavilion Gaming Laptop, Logitech C270 HD WEBCAM HD 720p "
3,"Hydro Flask 40oz , Eastsport Tech Backpack, Conquer Compact Standing Desk Height Adjustable, HP Pavilion Gaming Laptop, Logitech C270 HD WEBCAM HD 720p , HyperX Gaming Headset, Mid-Back Office Chair Ergonomic Desk Chair "
4,"Sharpie S-Gel Gel Pens, Hydro Flask 40oz , Eastsport Tech Backpack, Conquer Compact Standing Desk Height Adjustable, HyperX Gaming Pad , HP Pavilion Gaming Laptop, Logitech C270 HD WEBCAM HD 720p , HyperX Gaming Headset, Logitech G203 Prodigy Wired Gaming Mouse, Mid-Back Office Chair Ergonomic Desk Chair "
5,"Sharpie S-Gel Gel Pens, Hydro Flask 40oz , Eastsport Tech Backpack, HyperX Gaming Pad , HP Pavilion Gaming Laptop, Logitech C270 HD WEBCAM HD 720p , HyperX Gaming Headset, Logitech G203 Prodigy Wired Gaming Mouse, Mid-Back Office Chair Ergonomic Desk Chair "
6,"Hydro Flask 40oz , Eastsport Tech Backpack, Conquer Compact Standing Desk Height Adjustable, HyperX Gaming Headset, Logitech G203 Prodigy Wired Gaming Mouse, Mid-Back Office Chair Ergonomic Desk Chair "
7,"Sharpie S-Gel Gel Pens, HyperX Gaming Headset"
8,"HyperX Gaming Pad , Hydro Flask 40oz , Mid-Back Office Chair Ergonomic Desk Chair , Eastsport Tech Backpack"
9,"Sharpie S-Gel Gel Pens, Hydro Flask 40oz , Eastsport Tech Backpack, Conquer Compact Standing Desk Height Adjustable, HyperX Gaming Pad , HP Pavilion Gaming Laptop, Logitech C270 HD WEBCAM HD 720p , HyperX Gaming Headset"
10,"Sharpie S-Gel Gel Pens, Conquer Compact Standing Desk Height Adjustable, Logitech C270 HD WEBCAM HD 720p "
11,"Sharpie S-Gel Gel Pens, Hydro Flask 40oz , Eastsport Tech Backpack, Conquer Compact Standing Desk Height Adjustable, HyperX Gaming Pad , HP Pavilion Gaming Laptop, Logitech C270 HD WEBCAM HD 720p , HyperX Gaming Headset, Logitech G203 Prodigy Wired Gaming Mouse, Mid-Back Office Chair Ergonomic Desk Chair "
12,"Sharpie S-Gel Gel Pens, Logitech C270 HD WEBCAM HD 720p "
13,"Sharpie S-Gel Gel Pens, HP Pavilion Gaming Laptop, Logitech C270 HD WEBCAM HD 720p , HyperX Gaming Headset, Logitech G203 Prodigy Wired Gaming Mouse"
14,"Sharpie S-Gel Gel Pens, Hydro Flask 40oz , Conquer Compact Standing Desk Height Adjustable, HyperX Gaming Pad , HP Pavilion Gaming Laptop, Logitech C270 HD WEBCAM HD 720p , HyperX Gaming Headset"
15,Eastsport Tech Backpack
16,"HyperX Gaming Pad , HP Pavilion Gaming Laptop, HyperX Gaming Headset"
17,HyperX Gaming Headset
18,"Sharpie S-Gel Gel Pens, Hydro Flask 40oz , HyperX Gaming Pad , HP Pavilion Gaming Laptop, Logitech C270 HD WEBCAM HD 720p , Logitech G203 Prodigy Wired Gaming Mouse"
19,"Sharpie S-Gel Gel Pens, Conquer Compact Standing Desk Height Adjustable, Logitech C270 HD WEBCAM HD 720p , Mid-Back Office Chair Ergonomic Desk Chair "
20,"HP Pavilion Gaming Laptop, Logitech C270 HD WEBCAM HD 720p "